flavor,
golden_eagle,
caramelizer,
annihilator,
kicker,
cocomo,
double_torture,
white_mocha,
cookie,
cinnamon_swirl,
christmas_morning,
shark_attack,
dragon_slayer,
double_rainbro,
dino_egg,
dinosaur_egg,
palm_beach,
strawberry_horchata,
og_gummy_bear,
cotton_candy,
eclipse,
tigers_blood,
zsa_tigers_blood,
sherbet,
birthday_cake,
hyperchrome,
hazelnut_truffle,
peach_ring,
dulce_de_leche,
apple_smoothie_mix,
zs_pink_flamingo,
pink_flamingo,
sour_berry_blast,
ninja,
mudslide,
marmalade,
aftershock,
vampire_slayer,
almond_bar,
alpine,
apple_patch,
aquaberry,
astronaut,
awesome_orange,
banana_bread,
banana_cream_pie,
black_forest,
blackberry_smash,
blue_oasis,
bubblegum,
capri,
cherry_blossom,
cinnamon_roll,
cookie_crave,
cookies_and_cream,
coral_reef,
countdown,
cutie,
dirty_caterpillar,
double_chocolate_mocha,
dream_weaver,
dutch_crunch,
dutch_mojito,
electric_berry,
fire_lizard,
firestorm,
flap_jack,
french_vanilla_bean,
galaxy_fish,
gem_berry,
german_chocolate,
grasshopper,
gummy_bear,
hawaiian,
horchata,
hummingbird,
jelly_donut,
kick_in_da_face,
kinda_grape,
laser_cat,
luv_bug,
mad_moose,
majestic_forest,
merry_berry,
midnight,
molten_lava,
nirvana,
og_grand_canyon,
oh_peach,
orangesicle,
palm_tree,
passion_water,
polar_berry,
radberry,
ray_of_sunshine,
red_white_and_blue,
rocky_point,
rose_city,
sandcastle,
scarecrow,
scuba_diver,
seashell,
shenanigan,
shipwreck,
snicker_doodle,
starry_night,
stop_light,
sunburst,
surfside,
sweet_sunrise,
toasted_mellow,
trail_mix,
trifecta,
triple_p,
trixie,
tropical,
tuxedo,
unicorn_blood,
werewolf,
white_zombie,
yeti,
banana,
blackberry,
blue_raspberry,
cherry,
chocolate,
coconut,
dark_chocolate,
grapefruit,
hazelnut,
honey,
irish_cream,
kiwi,
lavender,
lemon_concentrate,
lime,
mango_smoothie_mix,
orange,
passion_fruit,
peach,
peppermint,
pineapple,
pomegranate,
red_raspberry,
salted_caramel,
strawberry,
vanilla,
watermelon,
white_chocolate,
caramel,
cupcake,
creme_de_menthe,
chocolate_macadamia_nut,
almond_orgeat